{"ID":"9","CODE":"interface-de-jogo-biblico","INITIATOR_APP_CODE":null,"RULE":null,"ACTIVE":"N","DELETED":"N","PUBLIC":"N","SYS":"N","VIEWS":"0","TITLE":"Interface de Jogo Bíblico","XML_ID":null,"DESCRIPTION":null,"TPL_ID":null,"TPL_CODE":null,"SITE_ID":"9","SITEMAP":"N","FOLDER":"N","FOLDER_ID":null,"SEARCH_CONTENT":"Interface de Jogo Bíblico  Crie uma interface de jogo bíblico medieval, com desafios baseados na Bíblia e um design espiritual e cativante. jogo bíblico, Bíblia, medieval, espiritualidade, quiz","VERSION":"11","HISTORY_STEP":"0","CREATED_BY_ID":"1","MODIFIED_BY_ID":"1","DATE_CREATE":"04\/08\/2025 10:15:47","DATE_MODIFY":"04\/08\/2025 11:13:59","DATE_PUBLIC":"","ADDITIONAL_FIELDS":{"METAMAIN_USE":"Y","METAMAIN_TITLE":"Interface de Jogo Bíblico","METAMAIN_DESCRIPTION":"Crie uma interface de jogo bíblico medieval, com desafios baseados na Bíblia e um design espiritual e cativante.","METAMAIN_KEYWORDS":"jogo bíblico, Bíblia, medieval, espiritualidade, quiz","METAOG_DESCRIPTION":"Crie uma interface de jogo bíblico medieval, com desafios baseados na Bíblia e um design espiritual e cativante.","METAOG_IMAGE":"https:\/\/b24-s0sd1x.bitrix24.com.br\/bitrix\/services\/main\/ajax.php?action=ai.controller.imagecontroller.getImg\u0026SITE_ID=s1\u0026id=265\u0026hashId=866c0fc94c92043d518ff90b34e06bd7"},"TEMPLATE_REF":[],"BLOCKS":{"65":{"code":"0.menu_19_travel","old_id":65,"access":"X","anchor":"b65","meta":{"LID":"9","FAVORITE_META":[],"CREATED_BY_ID":"1","DATE_CREATE":{},"MODIFIED_BY_ID":"0","DATE_MODIFY":{},"SITE_TYPE":"PAGE","LANDING_TITLE":"","LANDING_TPL_CODE":"","SITE_TPL_CODE":"","XML_ID":"","DESIGNER_MODE":false},"cards":{".landing-block-node-menu-list-item":{"source":[{"value":1,"type":"card"},{"value":1,"type":"card"},{"value":1,"type":"card"},{"value":1,"type":"card"},{"value":1,"type":"card"},{"value":1,"type":"card"}]}},"nodes":{".landing-block-node-menu-list-item-link":[{"href":"block:#block67","target":"_self","attrs":{"data-embed":null,"data-url":null},"text":"Início"},{"href":"block:#block69","target":"_self","attrs":{"data-embed":null,"data-url":null},"text":"Sobre o Jogo"},{"href":"block:#block71","target":"_self","attrs":{"data-embed":null,"data-url":null},"text":"Mapa de Progressão"},{"href":"block:#block75","target":"_self","attrs":{"data-embed":null,"data-url":null},"text":"Sistema de Jogo"},{"href":"block:#block79","target":"_self","attrs":{"data-embed":null,"data-url":null},"text":"Ranking Global"},{"href":"block:#block83","target":"_self","attrs":{"data-embed":null,"data-url":null},"text":"Contato"}],".landing-block-node-menu-logo-link":[{"href":"#system_mainpage","target":null,"attrs":{"data-embed":null,"data-url":null},"text":"\r\n\t\t\t\t\t\u003Cimg class=\u0022landing-block-node-menu-logo u-header__logo-img u-header__logo-img--main g-max-width-180\u0022 src=\u0022https:\/\/cdn.bitrix24.site\/bitrix\/images\/landing\/logos\/travel-logo.png\u0022 alt=\u0022\u0022 \/\u003E\r\n\t\t\t\t"}],".landing-block-node-menu-logo":[{"src":"https:\/\/cdn.bitrix24.site\/bitrix\/images\/landing\/logos\/travel-logo.png","src2x":"","id":null,"id2x":null,"alt":"","isLazy":"N"}]},"style":{".landing-block-node-menu-list-item-link":{"classList":["landing-block-node-menu-list-item-link nav-link p-0","landing-block-node-menu-list-item-link nav-link p-0","landing-block-node-menu-list-item-link nav-link p-0","landing-block-node-menu-list-item-link nav-link p-0","landing-block-node-menu-list-item-link nav-link p-0","landing-block-node-menu-list-item-link nav-link p-0"]},".navbar":{"classList":["navbar navbar-expand-lg g-py-0 g-px-10 u-navbar-color"],"style":[{"--navbar-color":"var(--theme-color-title)"}]},".landing-block-node-hamburger":{"classList":["landing-block-node-hamburger hamburger hamburger--slider hamburger--md"]},"#wrapper":{"classList":["landing-block u-header u-header--sticky u-header--float g-bg"],"style":[{"--bg":"hsla(0, 0%, 100%, 0)"}]}},"attrs":{".navbar-collapse":[{"id":"navBar65"}],"button.navbar-toggler":[{"aria-controls":"navBar65","data-target":"#navBar65"}]}},"67":{"code":"01.big_with_text_3_1","old_id":67,"access":"X","anchor":"b67","meta":{"LID":"9","FAVORITE_META":[],"CREATED_BY_ID":"1","DATE_CREATE":{},"MODIFIED_BY_ID":"0","DATE_MODIFY":{},"SITE_TYPE":"PAGE","LANDING_TITLE":"","LANDING_TPL_CODE":"","SITE_TPL_CODE":"","XML_ID":"","DESIGNER_MODE":false},"nodes":{".landing-block-node-img":[{"src":"","src2x":"","id":"309","id2x":"311","alt":"","isLazy":"N"}],".landing-block-node-title":["O Caminho da Palavra"],".landing-block-node-text":["Bem-vindo ao emocionante jogo bíblico \u0026#039;O Caminho da Palavra\u0026#039;. Explore um mundo repleto de desafios espirituais em um ambiente medieval, repleto de sabedoria e inspiração bíblica."],"#wrapper":[{"src":"","src2x":"","id":"309","id2x":"311","alt":"","isLazy":"N"}]},"style":{".landing-block-node-container":{"classList":["landing-block-node-container container g-max-width-800 js-animation fadeInDown container text-center u-bg-overlay__inner g-mx-0"]},".landing-block-node-title":{"classList":["landing-block-node-title text-uppercase g-line-height-1 g-font-weight-700 g-color-white g-font-size-40 g-mb-20 g-mt-20"]},".landing-block-node-text":{"classList":["landing-block-node-text g-color-white-opacity-0_7 g-font-size-17 g-mb-35"]},"#wrapper":{"classList":["landing-block landing-block-node-img u-bg-overlay g-flex-centered g-min-height-100vh g-pt-80 g-pb-80 g-bg-image g-bg-image"],"style":[{"--bg-url":"url(\u0027https:\/\/cdn.bitrix24.com.br\/b34650285\/landing\/2f7\/2f7a29018abb47377aa9a966125936a3\/img_f3xox1ckgndwlpczblpx5bb5.png\u0027)","--bg-url-2x":"url(\u0027https:\/\/cdn.bitrix24.com.br\/b34650285\/landing\/2f7\/2f7a29018abb47377aa9a966125936a3\/img_f3xox1ckgndwlpczblpx5bb5.png\u0027)","--bg-overlay":"hsla(0, 0%, 0%, 0.5)","--bg-size":"cover","--bg-attachment":"scroll","background-image":""}]}}},"69":{"code":"31.4.two_cols_img_text_fix","old_id":69,"access":"X","anchor":"b69","meta":{"LID":"9","FAVORITE_META":[],"CREATED_BY_ID":"1","DATE_CREATE":{},"MODIFIED_BY_ID":"0","DATE_MODIFY":{},"SITE_TYPE":"PAGE","LANDING_TITLE":"","LANDING_TPL_CODE":"","SITE_TPL_CODE":"","XML_ID":"","DESIGNER_MODE":false},"nodes":{".landing-block-node-title":["Descubra Sua Jornada"],".landing-block-node-text":["Aprofunde-se em uma experiência única onde cada pergunta desafia seu conhecimento bíblico. Progrida por cenários como o Vale do Início e a Montanha da Revelação, enquanto aprende e se inspira na Palavra de Deus."],".landing-block-node-img":[{"src":"https:\/\/cdn.bitrix24.com.br\/b34650285\/landing\/3d4\/3d41cf759ce4a9bd5de274fbff02ed55\/img_qlj1v7ub2rsamqvfaso2fsqq.png","src2x":"https:\/\/cdn.bitrix24.com.br\/b34650285\/landing\/643\/643a193bf03fe6810db251bdc6d3384c\/img_qlj1v7ub2rsamqvfaso2fsqq.png","id":"313","id2x":"315","alt":"","isLazy":"N"}],"#wrapper":[{"src":"","src2x":"","id":null,"id2x":null,"alt":"","isLazy":"N"}]},"style":{".landing-block-node-text-container":{"classList":["landing-block-node-text-container js-animation slideInRight col-md-6 col-lg-6 g-pb-20 g-pb-0--md order-1 order-md-2"]},".landing-block-node-title":{"classList":["landing-block-node-title text-uppercase g-font-weight-700 mb-0 g-mb-20 g-color"]},".landing-block-node-text":{"classList":["landing-block-node-text g-color"]},".landing-block-node-img":{"classList":["landing-block-node-img js-animation slideInLeft img-fluid"]},".landing-block-node-block":{"classList":["row landing-block-node-block"]},".landing-block-node-container":{"classList":["landing-block-node-container container g-pt-50 g-pb-50"]},"#wrapper":{"classList":["landing-block g-bg g-pt-50 g-pb-50"],"style":[{"--bg":"hsla(0, 0%, 100%, 0)"}]}}},"71":{"code":"27.3.one_col_fix_title","old_id":71,"access":"X","anchor":"b71","meta":{"LID":"9","FAVORITE_META":[],"CREATED_BY_ID":"1","DATE_CREATE":{},"MODIFIED_BY_ID":"0","DATE_MODIFY":{},"SITE_TYPE":"PAGE","LANDING_TITLE":"","LANDING_TPL_CODE":"","SITE_TPL_CODE":"","XML_ID":"","DESIGNER_MODE":false},"nodes":{".landing-block-node-title":["Explore o Caminho Espiritual"],"#wrapper":[{"src":"","src2x":"","id":null,"id2x":null,"alt":"","isLazy":"N"}]},"style":{".landing-block-node-title":{"classList":["landing-block-node-title js-animation fadeIn g-my-0 container g-max-width-container g-pl-15 g-pr-15 g-color u-heading-v2-3--bottom"]},"#wrapper":{"classList":["landing-block js-animation g-bg g-pt-50 g-pb-15"],"style":[{"--bg":"hsla(0, 0%, 100%, 0)"}]}}},"73":{"code":"32.11.img_grid_4cols_4","old_id":73,"access":"X","anchor":"b73","meta":{"LID":"9","FAVORITE_META":[],"CREATED_BY_ID":"1","DATE_CREATE":{},"MODIFIED_BY_ID":"0","DATE_MODIFY":{},"SITE_TYPE":"PAGE","LANDING_TITLE":"","LANDING_TPL_CODE":"","SITE_TPL_CODE":"","XML_ID":"","DESIGNER_MODE":false},"nodes":{".landing-block-node-img":[{"src":"https:\/\/cdn.bitrix24.com.br\/b34650285\/landing\/c74\/c74864e3154b63537f86b495f5221e3d\/img_ay0bvf59ynk7hdolitt53uaj.png","src2x":"https:\/\/cdn.bitrix24.com.br\/b34650285\/landing\/64b\/64bfb41302f39d2aba8d0125d1f4b5a0\/img_ay0bvf59ynk7hdolitt53uaj.png","id":"291","id2x":"295","alt":"","isLazy":"N"},{"src":"https:\/\/cdn.bitrix24.com.br\/b34650285\/landing\/36f\/36fe147dad7761e5804b18396e5470c9\/img_kqnm17mc51h0c4hteyh74w2a.png","src2x":"https:\/\/cdn.bitrix24.com.br\/b34650285\/landing\/3d3\/3d35a1812efbfdbd2c2c1c8be2f5be64\/img_kqnm17mc51h0c4hteyh74w2a.png","id":"317","id2x":"319","alt":"","isLazy":"N"},{"src":"https:\/\/cdn.bitrix24.com.br\/b34650285\/landing\/054\/054cbc43f0c35aa531c7c785308e6b9f\/img_akursfnw8yqecrhvyanutbep.png","src2x":"https:\/\/cdn.bitrix24.com.br\/b34650285\/landing\/64a\/64a2cfe0b149a69ba0eba7a7d06fe080\/img_akursfnw8yqecrhvyanutbep.png","id":"321","id2x":"323","alt":"","isLazy":"N"}],".landing-block-node-img-title":["Vale do Início","Floresta do Discernimento","Deserto da Fé"],"#wrapper":[{"src":"","src2x":"","id":null,"id2x":null,"alt":"","isLazy":"N"}]},"style":{".landing-block-node-img-title":{"classList":["landing-block-node-img-title text-center g-color-white g-line-height-1_4 g-letter-spacing-5","landing-block-node-img-title text-center g-color-white g-line-height-1_4 g-letter-spacing-5","landing-block-node-img-title text-center g-color-white g-line-height-1_4 g-letter-spacing-5"]},".landing-block-node-img-container-left":{"classList":["landing-block-node-img-container landing-block-node-img-container-left js-animation fadeInLeft h-100 g-pos-rel g-parent u-block-hover"]},".landing-block-node-img-container-center":{"classList":["landing-block-node-img-container landing-block-node-img-container-center js-animation fadeInUp h-100 g-pos-rel g-parent u-block-hover"]},".landing-block-node-img-container-right":{"classList":["landing-block-node-img-container landing-block-node-img-container-right js-animation fadeInRight h-100 g-pos-rel g-parent u-block-hover"]},"#wrapper":{"classList":["landing-block g-bg g-pt-15 g-pb-50"],"style":[{"--bg":"hsla(0, 0%, 100%, 0)"}]}}},"75":{"code":"27.one_col_fix_title_and_text_2","old_id":75,"access":"X","anchor":"b75","meta":{"LID":"9","FAVORITE_META":[],"CREATED_BY_ID":"1","DATE_CREATE":{},"MODIFIED_BY_ID":"0","DATE_MODIFY":{},"SITE_TYPE":"PAGE","LANDING_TITLE":"","LANDING_TPL_CODE":"","SITE_TPL_CODE":"","XML_ID":"","DESIGNER_MODE":false},"nodes":{".landing-block-node-title":["Como Jogar"],".landing-block-node-text":["Responda perguntas baseadas na Bíblia para ganhar pontos e avançar nos níveis. Acerte mais de 70% para progredir ou tente novamente até ser aprovado. Cada resposta correta revela o capítulo e versículo correspondente."],"#wrapper":[{"src":"","src2x":"","id":null,"id2x":null,"alt":"","isLazy":"N"}]},"style":{".landing-block-node-title":{"classList":["landing-block-node-title js-animation fadeIn g-mb-20 g-color u-heading-v2-3--bottom"],"style":[{"--color":"#F5F5F5"}]},".landing-block-node-text":{"classList":["landing-block-node-text js-animation g-mb-20 g-pb-1 g-color"],"style":[{"--color":"#FAFAFA"}]},".landing-block-node-text-container":{"classList":["landing-block-node-text-container container g-max-width-container"]},"#wrapper":{"classList":["landing-block js-animation g-bg g-pt-50 g-pb-15"],"style":[{"--bg":"var(--primary)"}]}}},"77":{"code":"44.7.three_columns_with_img_and_price","old_id":77,"access":"X","anchor":"b77","meta":{"LID":"9","FAVORITE_META":[],"CREATED_BY_ID":"1","DATE_CREATE":{},"MODIFIED_BY_ID":"1","DATE_MODIFY":{},"SITE_TYPE":"PAGE","LANDING_TITLE":"","LANDING_TPL_CODE":"","SITE_TPL_CODE":"","XML_ID":"","DESIGNER_MODE":false},"cards":{".landing-block-node-card":{"source":[{"value":0,"type":"card"},{"value":0,"type":"card"},{"value":0,"type":"card"}]}},"nodes":{".landing-block-node-card-title":["Medalha de Bronze","Medalha de Prata","Medalha de Ouro"],".landing-block-node-card-subtitle":["Para iniciantes","Para intermediários","Para especialistas"],".landing-block-node-card-img":[{"src":"https:\/\/cdn.bitrix24.com.br\/b34650285\/landing\/7a5\/7a5bee14f6143c20adfcb6b430c4aea9\/img_nt3rhjy2dufhdmmfgj9d9nat.png","src2x":"https:\/\/cdn.bitrix24.com.br\/b34650285\/landing\/a2b\/a2b4925ba8acf8d53149a426ac175563\/img_nt3rhjy2dufhdmmfgj9d9nat.png","id":"325","id2x":"327","alt":"","isLazy":"N"},{"src":"https:\/\/cdn.bitrix24.com.br\/b34650285\/landing\/cf6\/cf6cafb5ed7eda8d983b47cb196e7f41\/img_l6def5gmpa8bgphacffte6ot.png","src2x":"https:\/\/cdn.bitrix24.com.br\/b34650285\/landing\/327\/327eef09e68442d7e5b389d202ed25a2\/img_l6def5gmpa8bgphacffte6ot.png","id":"329","id2x":"331","alt":"","isLazy":"N"},{"src":"https:\/\/cdn.bitrix24.com.br\/b34650285\/landing\/b28\/b28fedac62a5e17f20322b9c651880ec\/img_ptg8knypb1xvj4pkrs4dhabt.png","src2x":"https:\/\/cdn.bitrix24.com.br\/b34650285\/landing\/083\/083ec0bb6458b3940e425f56f153cc8d\/img_ptg8knypb1xvj4pkrs4dhabt.png","id":"297","id2x":"299","alt":"","isLazy":"N"}],".landing-block-node-card-price-subtitle":["Recompensa inicial","Recompensa avançada","Recompensa máxima"],".landing-block-node-card-price":["100 pontos","300 pontos","500 pontos"],".landing-block-node-card-text":["Ganhe a Medalha de Bronze ao completar o primeiro nível.","Obtenha a Medalha de Prata ao avançar nos níveis intermediários.","Alcance a Medalha de Ouro ao conquistar os desafios mais difíceis."],".landing-block-node-card-button":[{"href":"#","target":"_self","attrs":{"data-embed":null,"data-url":null},"text":"Jogar"},{"href":"#","target":"_blank","attrs":{"data-embed":null,"data-url":null},"text":"Jogar"},{"href":"#","target":"_blank","attrs":{"data-embed":null,"data-url":null},"text":"Jogar"}],"#wrapper":[{"src":"","src2x":"","id":null,"id2x":null,"alt":"","isLazy":"N"}]},"style":{".landing-block-node-card":{"classList":["landing-block-node-card js-animation fadeInLeft col-md-6 col-lg-4 g-mb-30","landing-block-node-card js-animation fadeInLeft col-md-6 col-lg-4 g-mb-30","landing-block-node-card js-animation fadeInLeft col-md-6 col-lg-4 g-mb-30"]},".landing-block-node-card-container-top":{"classList":["landing-block-node-card-container-top g-bg-primary g-pa-20","landing-block-node-card-container-top g-bg-primary g-pa-20","landing-block-node-card-container-top g-bg-primary g-pa-20"]},".landing-block-node-card-container-bottom":{"classList":["landing-block-node-card-container-bottom flex-grow-1 g-pa-40 d-flex flex-column","landing-block-node-card-container-bottom flex-grow-1 g-pa-40 d-flex flex-column","landing-block-node-card-container-bottom flex-grow-1 g-pa-40 d-flex flex-column"]},".landing-block-node-card-title":{"classList":["landing-block-node-card-title font-italic g-font-weight-700 g-color-white mb-0","landing-block-node-card-title font-italic g-font-weight-700 g-color-white mb-0","landing-block-node-card-title font-italic g-font-weight-700 g-color-white mb-0"]},".landing-block-node-card-subtitle":{"classList":["landing-block-node-card-subtitle g-color-white","landing-block-node-card-subtitle g-color-white","landing-block-node-card-subtitle g-color-white"]},".landing-block-node-card-price-subtitle":{"classList":["landing-block-node-card-price-subtitle g-color","landing-block-node-card-price-subtitle g-color","landing-block-node-card-price-subtitle g-color"],"style":[{"--color":"hsla(0, 0%, 29%, 1)"},{"--color":"hsla(0, 0%, 29%, 1)"},{"--color":"hsla(0, 0%, 29%, 1)"}]},".landing-block-node-card-price":{"classList":["landing-block-node-card-price g-font-weight-700 g-color-primary g-font-size-24 g-mt-10","landing-block-node-card-price g-font-weight-700 g-color-primary g-font-size-24 g-mt-10","landing-block-node-card-price g-font-weight-700 g-color-primary g-font-size-24 g-mt-10"]},".landing-block-node-card-text":{"classList":["landing-block-node-card-text g-mb-40 g-color","landing-block-node-card-text g-mb-40 g-color","landing-block-node-card-text g-mb-40 g-color"],"style":[{"--color":"hsla(0, 0%, 29%, 1)"},{"--color":"hsla(0, 0%, 29%, 1)"},{"--color":"hsla(0, 0%, 29%, 1)"}]},".landing-block-node-card-button":{"classList":["landing-block-node-card-button btn g-btn-type-solid g-btn-size-sm g-btn-px-l text-uppercase g-btn-primary g-rounded-20 g-py-15","landing-block-node-card-button btn g-btn-type-solid g-btn-size-sm g-btn-px-l text-uppercase g-btn-primary g-rounded-20 g-py-15","landing-block-node-card-button btn g-btn-type-solid g-btn-size-sm g-btn-px-l text-uppercase g-btn-primary g-rounded-20 g-py-15"]},".landing-block-node-card-button-container":{"classList":["landing-block-node-card-button-container mt-auto","landing-block-node-card-button-container mt-auto","landing-block-node-card-button-container mt-auto"]},".landing-block-inner":{"classList":["row landing-block-inner"]},"#wrapper":{"classList":["landing-block g-bg g-pt-15 g-pb-50"],"style":[{"--bg":"var(--primary)"}]}}},"79":{"code":"27.3.one_col_fix_title","old_id":79,"access":"X","anchor":"b79","meta":{"LID":"9","FAVORITE_META":[],"CREATED_BY_ID":"1","DATE_CREATE":{},"MODIFIED_BY_ID":"0","DATE_MODIFY":{},"SITE_TYPE":"PAGE","LANDING_TITLE":"","LANDING_TPL_CODE":"","SITE_TPL_CODE":"","XML_ID":"","DESIGNER_MODE":false},"nodes":{".landing-block-node-title":["Ranking dos Peregrinos"],"#wrapper":[{"src":"","src2x":"","id":null,"id2x":null,"alt":"","isLazy":"N"}]},"style":{".landing-block-node-title":{"classList":["landing-block-node-title js-animation fadeIn g-my-0 container g-max-width-container g-pl-15 g-pr-15 g-color u-heading-v2-3--bottom"],"style":[{"--color":"#F5F5F5"}]},"#wrapper":{"classList":["landing-block js-animation g-bg g-pt-50 g-pb-15"],"style":[{"--bg":"var(--primary)"}]}}},"81":{"code":"20.2.three_cols_fix_img_title_text","old_id":81,"access":"X","anchor":"b81","meta":{"LID":"9","FAVORITE_META":[],"CREATED_BY_ID":"1","DATE_CREATE":{},"MODIFIED_BY_ID":"0","DATE_MODIFY":{},"SITE_TYPE":"PAGE","LANDING_TITLE":"","LANDING_TPL_CODE":"","SITE_TPL_CODE":"","XML_ID":"","DESIGNER_MODE":false},"cards":{".landing-block-card":{"source":[{"value":0,"type":"card"},{"value":0,"type":"card"},{"value":0,"type":"card"}]}},"nodes":{".landing-block-node-img":[{"src":"https:\/\/cdn.bitrix24.com.br\/b34650285\/landing\/a72\/a72f6700dc87490859c24b68184f5a77\/img_s5wblgwd0akfa0dgjt1w9dsy.png","src2x":"https:\/\/cdn.bitrix24.com.br\/b34650285\/landing\/d4d\/d4de80f7b095f21f359cef31a883f818\/img_s5wblgwd0akfa0dgjt1w9dsy.png","id":"333","id2x":"335","alt":"","isLazy":"N"},{"src":"https:\/\/cdn.bitrix24.com.br\/b34650285\/landing\/fe1\/fe1e38ae20c87b9b932c22e854d3a3dd\/img_kyazkuhkddkgyimd9n5ad2jw.png","src2x":"https:\/\/cdn.bitrix24.com.br\/b34650285\/landing\/df1\/df105548ccb162f3ea0de21e821903de\/img_kyazkuhkddkgyimd9n5ad2jw.png","id":"337","id2x":"339","alt":"","isLazy":"N"},{"src":"https:\/\/cdn.bitrix24.com.br\/b34650285\/landing\/830\/830afe8322a766ec4be0353ca520ab48\/img_pvq0cf2pzr5kjtclkqcypx4f.png","src2x":"https:\/\/cdn.bitrix24.com.br\/b34650285\/landing\/a80\/a803cb6e99d0584859c3d24dd95680c7\/img_pvq0cf2pzr5kjtclkqcypx4f.png","id":"341","id2x":"343","alt":"","isLazy":"N"}],".landing-block-node-title":["Som de Trombeta","Som Angelical","Referências Bíblicas"],".landing-block-node-text":[],"#wrapper":[{"src":"","src2x":"","id":null,"id2x":null,"alt":"","isLazy":"N"}]},"style":{".landing-block-card":{"classList":["landing-block-card js-animation fadeIn landing-block-node-block col-md-4 col-lg-4 g-mb-30 g-mb-0--md g-pt-10","landing-block-card js-animation fadeIn landing-block-node-block col-md-4 col-lg-4 g-mb-30 g-mb-0--md g-pt-10","landing-block-card js-animation fadeIn landing-block-node-block col-md-4 col-lg-4 g-mb-30 g-mb-0--md g-pt-10"]},".landing-block-inner":{"classList":["row landing-block-inner"]},".landing-block-node-img-container":{"classList":["landing-block-node-img-container text-left","landing-block-node-img-container text-left","landing-block-node-img-container text-left"]},".landing-block-node-title":{"classList":["landing-block-node-title text-uppercase g-font-weight-700 g-mb-20","landing-block-node-title text-uppercase g-font-weight-700 g-mb-20","landing-block-node-title text-uppercase g-font-weight-700 g-mb-20"],"style":[{"--color":"#F5F5F5"},{"--color":"#F5F5F5"},{"--color":"#F5F5F5"}]},".landing-block-node-container":{"classList":["landing-block-node-container container g-pt-30 g-pb-30"]},"#wrapper":{"classList":["landing-block g-bg g-pt-15 g-pb-50"],"style":[{"--bg":"var(--primary)"}]}}},"83":{"code":"33.2.form_1_transparent_black_right_text","old_id":83,"access":"X","anchor":"b83","meta":{"LID":"9","FAVORITE_META":[],"CREATED_BY_ID":"1","DATE_CREATE":{},"MODIFIED_BY_ID":"0","DATE_MODIFY":{},"SITE_TYPE":"PAGE","LANDING_TITLE":"","LANDING_TPL_CODE":"","SITE_TPL_CODE":"","XML_ID":"","DESIGNER_MODE":false},"cards":{".landing-block-node-card-contact":{"source":[{"value":"text","type":"preset"},{"value":"link","type":"preset"},{"value":"link","type":"preset"},{"value":"link","type":"preset"},{"value":"link","type":"preset"}]}},"nodes":{".landing-block-node-bgimg":[{"src":"","src2x":"","id":"301","id2x":"303","alt":"","isLazy":"N"}],".landing-block-node-text":["Entre em contato para sugestões ou dúvidas sobre \u0026#039;O Caminho da Palavra\u0026#039;. Estamos aqui para ajudar!"],".landing-block-node-main-title":["Fale Conosco"],".landing-block-node-title":["Envie Sua Mensagem"],".landing-block-node-contact-text":["Nos envie perguntas ou sugestões para melhorar sua experiência."],".landing-block-node-contact-icon":[{"classList":["landing-block-node-contact-icon fas fa-envelope"]}],".landing-block-card-linkcontact-link":[{"href":"#","target":"_blank","attrs":{"data-embed":null,"data-url":null},"text":"Enviar"},{"href":"#","target":"_blank","attrs":{"data-embed":null,"data-url":null},"text":"Ajuda"},{"href":"#","target":"_blank","attrs":{"data-embed":null,"data-url":null},"text":"FAQ"},{"href":"#","target":"_blank","attrs":{"data-embed":null,"data-url":null},"text":"Voltar"}],".landing-block-card-contact-icon":[{"classList":["landing-block-card-contact-icon far fa-envelope"]},{"classList":["landing-block-card-contact-icon fas fa-phone"]},{"classList":["landing-block-card-contact-icon far fa-question-circle"]},{"classList":["landing-block-card-contact-icon fas fa-arrow-left"]}],"#wrapper":[{"src":"","src2x":"","id":"301","id2x":"303","alt":"","isLazy":"N"}]},"style":{".landing-block-node-main-title":{"classList":["landing-block-node-main-title js-animation fadeInUp h1 g-color-white mb-4"]},".landing-block-card-contact-icon-container":{"classList":["landing-block-card-contact-icon-container u-icon-v1 u-icon-size--sm g-color-white mr-2","landing-block-card-contact-icon-container u-icon-v1 u-icon-size--sm g-color-white mr-2","landing-block-card-contact-icon-container u-icon-v1 u-icon-size--sm g-color-white mr-2","landing-block-card-contact-icon-container u-icon-v1 u-icon-size--sm g-color-white mr-2","landing-block-card-contact-icon-container u-icon-v1 u-icon-size--sm g-color-white mr-2"]},".landing-block-node-title":{"classList":["landing-block-node-title g-color-white mb-4"]},".landing-block-node-text":{"classList":["landing-block-node-text js-animation fadeInUp g-line-height-1_5 text-left g-mb-40 g-color-white-opacity-0_6"]},".landing-block-node-contact-text":{"classList":["landing-block-node-contact-text g-color-white-opacity-0_6 mb-0"]},".landing-block-card-linkcontact-link":{"classList":["landing-block-card-linkcontact-link g-color-white-opacity-0_6","landing-block-card-linkcontact-link g-color-white-opacity-0_6","landing-block-card-linkcontact-link g-color-white-opacity-0_6","landing-block-card-linkcontact-link g-color-white-opacity-0_6"]},".landing-block-node-row":{"classList":["landing-block-node-row row align-items-start"]},".bitrix24forms":{"classList":["bitrix24forms landing-block-node-form js-animation fadeInUp g-brd-none g-brd-around--sm g-brd-white-opacity-0_6 g-px-0 g-px-20--sm g-px-45--lg g-py-0 g-py-30--sm g-py-60--lg u-form-alert-v1"]},"#wrapper":{"classList":["landing-block landing-block-node-bgimg g-pt-120 g-pb-120 g-pos-rel g-bg-image"],"style":[{"background-image":"","--bg-url":"url(\u0027https:\/\/cdn.bitrix24.com.br\/b34650285\/landing\/9a7\/9a7bfebbd72073d96256fab65a146bf4\/img_hfhmn1smhyxakxserggtrnwb.png\u0027)","--bg-url-2x":"url(\u0027https:\/\/cdn.bitrix24.com.br\/b34650285\/landing\/2fb\/2fbaf183bfe84eeb8216081d51267ba7\/img_hfhmn1smhyxakxserggtrnwb.png\u0027)","--bg-overlay":"hsla(0, 0%, 0%, 0.5)","--bg-size":"cover","--bg-attachment":"scroll"}]}}}}}