{"ID":"9","CODE":"\/o-caminho-da-palavra\/","ACTIVE":"N","DELETED":"N","TITLE":"O Caminho da Palavra","XML_ID":null,"DESCRIPTION":null,"TYPE":"PAGE","TPL_ID":"0","TPL_CODE":null,"DOMAIN_ID":"11","SMN_SITE_ID":null,"LANDING_ID_INDEX":"9","LANDING_ID_404":null,"LANDING_ID_503":null,"LANG":null,"SPECIAL":"N","VERSION":"5","CREATED_BY_ID":"1","MODIFIED_BY_ID":"1","DATE_CREATE":"04\/08\/2025 10:15:47","DATE_MODIFY":"04\/08\/2025 11:13:59","SYS_PAGES":[],"FOLDERS_NEW":[],"TEMPLATES":{"1":"empty","3":"sidebar_left","5":"sidebar_right","7":"header_only","9":"header_footer","11":"without_left","13":"without_right"},"TEMPLATE_REF":[],"ADDITIONAL_FIELDS":{"BACKGROUND_USE":"Y","BACKGROUND_COLOR":"#f5f5dc","THEMEFONTS_CODE_H":"IM Fell DW Pica","THEMEFONTS_CODE":"Raleway","THEMEFONTS_COLOR":"#333333","THEMEFONTS_COLOR_H":"#6b8e23","THEME_COLOR":"#8b4513"}}