{"309":{"NAME":"img_f3xox1ckgndwlpczblpx5bb5.png","ID":309},"311":{"NAME":"img_f3xox1ckgndwlpczblpx5bb5.png","ID":311},"313":{"NAME":"img_qlj1v7ub2rsamqvfaso2fsqq.png","ID":313},"315":{"NAME":"img_qlj1v7ub2rsamqvfaso2fsqq.png","ID":315},"291":{"NAME":"img_ay0bvf59ynk7hdolitt53uaj.png","ID":291},"295":{"NAME":"img_ay0bvf59ynk7hdolitt53uaj.png","ID":295},"317":{"NAME":"img_kqnm17mc51h0c4hteyh74w2a.png","ID":317},"319":{"NAME":"img_kqnm17mc51h0c4hteyh74w2a.png","ID":319},"321":{"NAME":"img_akursfnw8yqecrhvyanutbep.png","ID":321},"323":{"NAME":"img_akursfnw8yqecrhvyanutbep.png","ID":323},"297":{"NAME":"img_ptg8knypb1xvj4pkrs4dhabt.png","ID":297},"299":{"NAME":"img_ptg8knypb1xvj4pkrs4dhabt.png","ID":299},"325":{"NAME":"img_nt3rhjy2dufhdmmfgj9d9nat.png","ID":325},"327":{"NAME":"img_nt3rhjy2dufhdmmfgj9d9nat.png","ID":327},"329":{"NAME":"img_l6def5gmpa8bgphacffte6ot.png","ID":329},"331":{"NAME":"img_l6def5gmpa8bgphacffte6ot.png","ID":331},"333":{"NAME":"img_s5wblgwd0akfa0dgjt1w9dsy.png","ID":333},"335":{"NAME":"img_s5wblgwd0akfa0dgjt1w9dsy.png","ID":335},"337":{"NAME":"img_kyazkuhkddkgyimd9n5ad2jw.png","ID":337},"339":{"NAME":"img_kyazkuhkddkgyimd9n5ad2jw.png","ID":339},"341":{"NAME":"img_pvq0cf2pzr5kjtclkqcypx4f.png","ID":341},"343":{"NAME":"img_pvq0cf2pzr5kjtclkqcypx4f.png","ID":343},"301":{"NAME":"img_hfhmn1smhyxakxserggtrnwb.png","ID":301},"303":{"NAME":"img_hfhmn1smhyxakxserggtrnwb.png","ID":303}}